ID,Status,"Item Name",Price,"Purchase Date","Processed Date",Buyer
8428,Processed,Backpack,70,2018-07-06,2018-07-06,"JOSHUA HARRIS"
3913,"Not Processed","Water Bottle",12,2018-07-06,,"PAUL ANDERSON"
9147,"Not Processed","Sleeping Bag",55,2018-07-06,,"MARGARET WALKER"
1102,Processed,"Water Bottle",12,2018-07-06,2018-07-06,"NANCY WHITE"
5486,Processed,"Water Bottle",12,2018-07-06,2018-07-06,"ANDREW THOMPSON"
2407,Processed,Backpack,70,2018-07-06,2018-07-06,"JENNIFER TURNER"
9599,"Not Processed",Backpack,70,2018-07-06,,"DAVID MITCHELL"
8849,Processed,Backpack,70,2018-07-06,2018-07-06,"THOMAS ALLEN"
4263,Processed,Stove,35,2018-07-06,2018-07-06,"SANDRA GONZALEZ"
3681,"Not Processed",Backpack,70,2018-07-06,,"MARY NELSON"
6233,"Not Processed","Sleeping Bag",55,2018-07-06,,"GEORGE MARTIN"
8135,Processed,"Water Bottle",12,2018-07-06,2018-07-06,"PAUL PHILLIPS"
5987,Processed,Stove,35,2018-07-05,2018-07-06,"MARY GONZALEZ"
9879,Processed,"Water Bottle",12,2018-07-05,2018-07-06,"KENNETH MARTIN"
1638,Processed,"Sleeping Bag",55,2018-07-05,2018-07-06,"DONALD ADAMS"
5072,"Not Processed",Stove,35,2018-07-05,,"WILLIAM LEE"
2448,"Not Processed",Backpack,70,2018-07-05,,"MARY EVANS"
6422,"Not Processed",Stove,35,2018-07-05,,"GEORGE WHITE"
2175,"Not Processed","Water Bottle",12,2018-07-05,,"MATTHEW MOORE"
2084,Processed,"Water Bottle",12,2018-07-05,2018-07-06,"ELIZABETH PHILLIPS"
3873,"Not Processed",Stove,35,2018-07-05,,"JENNIFER PHILLIPS"
5544,Processed,"Water Bottle",12,2018-07-05,2018-07-06,"PAUL SCOTT"
4600,"Not Processed",Backpack,70,2018-07-05,,"CAROL RODRIGUEZ"
2529,Processed,Backpack,70,2018-07-05,2018-07-06,"BETTY EDWARDS"
2526,"Not Processed",Stove,35,2018-07-05,,"JENNIFER HILL"
6762,"Not Processed",Stove,35,2018-07-05,,"CHRISTOPHER PEREZ"
8424,"Not Processed","Water Bottle",12,2018-07-05,,"MARK PARKER"
3307,Processed,"Sleeping Bag",55,2018-07-05,2018-07-06,"CHARLES CAMPBELL"
2254,Processed,"Sleeping Bag",55,2018-07-05,2018-07-06,"BRIAN EDWARDS"
7314,"Not Processed","Water Bottle",12,2018-07-05,,"DONNA JACKSON"
1137,"Not Processed","Sleeping Bag",55,2018-07-05,,"BARBARA DAVIS"
5210,"Not Processed","Sleeping Bag",55,2018-07-05,,"CAROL ROBERTS"
5282,"Not Processed","Water Bottle",12,2018-07-05,,"KIMBERLY DAVIS"
7464,Processed,"Water Bottle",12,2018-07-05,2018-07-06,"JOHN BROWN"
2153,"Not Processed","Sleeping Bag",55,2018-07-05,,"BETTY JONES"
3304,Processed,"Sleeping Bag",55,2018-07-05,2018-07-06,"THOMAS COLLINS"
4793,Processed,Backpack,70,2018-07-04,2018-07-06,"MARGARET HILL"
4959,Processed,"Sleeping Bag",55,2018-07-04,2018-07-06,"JOSHUA WHITE"
4653,Processed,Backpack,70,2018-07-04,2018-07-06,"PAUL MILLER"
3231,"Not Processed",Backpack,70,2018-07-04,,"WILLIAM HARRIS"
4588,Processed,Backpack,70,2018-07-04,2018-07-06,"JENNIFER PARKER"
3484,"Not Processed",Stove,35,2018-07-04,,"BARBARA KING"
2709,Processed,"Sleeping Bag",55,2018-07-04,2018-07-06,"DAVID KING"
3787,"Not Processed","Water Bottle",12,2018-07-04,,"DONNA MOORE"
7385,Processed,Stove,35,2018-07-04,2018-07-06,"MARY MARTINEZ"
8557,"Not Processed","Water Bottle",12,2018-07-04,,"LISA JOHNSON"
4453,Processed,Backpack,70,2018-07-04,2018-07-06,"JESSICA WALKER"
7760,Processed,Stove,35,2018-07-04,2018-07-06,"ANTHONY EVANS"
7447,"Not Processed",Stove,35,2018-07-04,,"CHARLES CAMPBELL"
1022,"Not Processed","Water Bottle",12,2018-07-04,,"DONNA GONZALEZ"
1191,Processed,Stove,35,2018-07-04,2018-07-06,"MELISSA WILLIAMS"
6528,"Not Processed",Backpack,70,2018-07-04,,"KAREN MILLER"
3651,Processed,Backpack,70,2018-07-04,2018-07-06,"JOSEPH KING"
6523,Processed,Backpack,70,2018-07-04,2018-07-06,"DONNA WILSON"
1751,"Not Processed",Stove,35,2018-07-04,,"DANIEL LEWIS"
2525,Processed,Backpack,70,2018-07-04,2018-07-06,"MARY CAMPBELL"
4460,Processed,"Sleeping Bag",55,2018-07-04,2018-07-06,"ASHLEY GARCIA"
5216,"Not Processed",Backpack,70,2018-07-04,,"JOSHUA PHILLIPS"
7578,Processed,"Sleeping Bag",55,2018-07-04,2018-07-06,"BETTY JOHNSON"
5626,Processed,Backpack,70,2018-07-04,2018-07-06,"MICHAEL WHITE"
4590,"Not Processed",Backpack,70,2018-07-03,,"SANDRA ROBERTS"
4571,Processed,Backpack,70,2018-07-03,2018-07-06,"BARBARA CLARK"
4706,Processed,Backpack,70,2018-07-03,2018-07-06,"JOSHUA BROWN"
8458,"Not Processed","Sleeping Bag",55,2018-07-03,,"PATRICIA GREEN"
1978,Processed,Stove,35,2018-07-03,2018-07-06,"MARK HILL"
4201,"Not Processed",Stove,35,2018-07-03,,"PATRICIA LEE"
8273,Processed,Stove,35,2018-07-03,2018-07-06,"DONNA LEWIS"
5660,"Not Processed","Water Bottle",12,2018-07-03,,"KIMBERLY GONZALEZ"
6745,"Not Processed","Sleeping Bag",55,2018-07-03,,"MARY HALL"
2084,"Not Processed","Sleeping Bag",55,2018-07-03,,"DONNA TAYLOR"
2506,Processed,"Sleeping Bag",55,2018-07-03,2018-07-06,"KAREN NELSON"
8517,Processed,Backpack,70,2018-07-03,2018-07-06,"JENNIFER PHILLIPS"
5592,Processed,"Water Bottle",12,2018-07-03,2018-07-06,"DANIEL WHITE"
2179,Processed,"Sleeping Bag",55,2018-07-03,2018-07-06,"MELISSA ROBERTS"
2525,Processed,"Water Bottle",12,2018-07-03,2018-07-06,"ASHLEY TAYLOR"
8812,Processed,Backpack,70,2018-07-03,2018-07-06,"JESSICA LOPEZ"
3757,"Not Processed",Stove,35,2018-07-03,,"KENNETH BAKER"
7293,Processed,"Water Bottle",12,2018-07-03,2018-07-06,"ASHLEY MITCHELL"
3113,"Not Processed",Stove,35,2018-07-03,,"MICHAEL SCOTT"
3155,Processed,"Water Bottle",12,2018-07-03,2018-07-06,"SARAH ANDERSON"
8581,Processed,"Water Bottle",12,2018-07-03,2018-07-06,"LINDA HALL"
1931,"Not Processed","Water Bottle",12,2018-07-03,,"CAROL CLARK"
3733,Processed,Backpack,70,2018-07-03,2018-07-06,"KENNETH BROWN"
3826,Processed,Stove,35,2018-07-03,2018-07-06,"DEBORAH EDWARDS"
4828,"Not Processed","Water Bottle",12,2018-07-02,,"MICHELLE YOUNG"
4915,Processed,Backpack,70,2018-07-02,2018-07-06,"ASHLEY NELSON"
3816,Processed,Backpack,70,2018-07-02,2018-07-06,"THOMAS LEWIS"
8696,Processed,"Sleeping Bag",55,2018-07-02,2018-07-06,"MATTHEW GREEN"
5101,Processed,Backpack,70,2018-07-02,2018-07-06,"ASHLEY THOMAS"
1839,"Not Processed","Sleeping Bag",55,2018-07-02,,"CAROL DAVIS"
4456,Processed,"Water Bottle",12,2018-07-02,2018-07-06,"ANDREW WHITE"
6390,"Not Processed","Sleeping Bag",55,2018-07-02,,"JOSHUA HARRIS"
8331,"Not Processed",Stove,35,2018-07-02,,"ROBERT WILSON"
2648,Processed,"Sleeping Bag",55,2018-07-02,2018-07-06,"DONALD SCOTT"
5587,"Not Processed","Water Bottle",12,2018-07-02,,"ASHLEY TAYLOR"
7459,"Not Processed",Stove,35,2018-07-02,,"MICHELLE YOUNG"
4490,"Not Processed",Stove,35,2018-07-02,,"JOSHUA MILLER"
9199,Processed,"Sleeping Bag",55,2018-07-02,2018-07-06,"MICHELLE GONZALEZ"
3980,Processed,Backpack,70,2018-07-02,2018-07-06,"DONALD CLARK"
6270,Processed,"Water Bottle",12,2018-07-02,2018-07-06,"KIMBERLY MOORE"
4423,"Not Processed","Sleeping Bag",55,2018-07-02,,"CHARLES JONES"
7236,Processed,Backpack,70,2018-07-02,2018-07-06,"JENNIFER HERNANDEZ"
4920,"Not Processed",Stove,35,2018-07-02,,"BARBARA MARTIN"
4596,Processed,"Sleeping Bag",55,2018-07-02,2018-07-06,"EMILY HARRIS"
7822,"Not Processed",Backpack,70,2018-07-02,,"ANTHONY THOMPSON"
3099,Processed,"Sleeping Bag",55,2018-07-02,2018-07-06,"MARK PARKER"
8554,Processed,"Sleeping Bag",55,2018-07-02,2018-07-06,"KIMBERLY ANDERSON"
5870,Processed,Stove,35,2018-07-02,2018-07-06,"LINDA LOPEZ"
4810,"Not Processed",Stove,35,2018-07-01,,"KAREN HILL"
5302,"Not Processed",Stove,35,2018-07-01,,"DONALD WHITE"
5625,Processed,Stove,35,2018-07-01,2018-07-06,"AMANDA WILLIAMS"
9280,"Not Processed",Stove,35,2018-07-01,,"RICHARD ALLEN"
3699,"Not Processed","Sleeping Bag",55,2018-07-01,,"ANTHONY JOHNSON"
8978,Processed,"Water Bottle",12,2018-07-01,2018-07-06,"DANIEL JOHNSON"
9059,Processed,"Sleeping Bag",55,2018-07-01,2018-07-06,"SUSAN THOMPSON"
6484,Processed,"Sleeping Bag",55,2018-07-01,2018-07-06,"LINDA TAYLOR"
4929,"Not Processed","Sleeping Bag",55,2018-07-01,,"PATRICIA MARTINEZ"
4499,Processed,"Water Bottle",12,2018-07-01,2018-07-06,"DEBORAH LOPEZ"
2809,Processed,Backpack,70,2018-07-01,2018-07-06,"LINDA BAKER"
7206,Processed,Backpack,70,2018-07-01,2018-07-06,"LISA WILSON"
7189,"Not Processed","Water Bottle",12,2018-07-01,,"PATRICIA EVANS"
2209,"Not Processed",Stove,35,2018-07-01,,"MICHAEL WHITE"
2408,"Not Processed","Water Bottle",12,2018-07-01,,"CHRISTOPHER THOMAS"
2073,Processed,"Sleeping Bag",55,2018-07-01,2018-07-06,"THOMAS MILLER"
1909,Processed,"Sleeping Bag",55,2018-07-01,2018-07-06,"ELIZABETH JACKSON"
1991,Processed,"Sleeping Bag",55,2018-07-01,2018-07-06,"PAUL WRIGHT"
3470,Processed,"Sleeping Bag",55,2018-07-01,2018-07-06,"JENNIFER GARCIA"
4731,Processed,"Sleeping Bag",55,2018-07-01,2018-07-06,"EMILY YOUNG"
5561,"Not Processed","Water Bottle",12,2018-07-01,,"KAREN CAMPBELL"
5150,"Not Processed",Backpack,70,2018-07-01,,"LISA CARTER"
7545,"Not Processed","Sleeping Bag",55,2018-07-01,,"NANCY PHILLIPS"
5397,Processed,"Sleeping Bag",55,2018-07-01,2018-07-06,"PATRICIA WILSON"
1966,Processed,"Water Bottle",12,2018-06-30,2018-07-06,"AMANDA ANDERSON"
2368,Processed,"Water Bottle",12,2018-06-30,2018-07-06,"BARBARA EVANS"
9396,"Not Processed","Sleeping Bag",55,2018-06-30,,"CAROL MARTINEZ"
7490,Processed,Stove,35,2018-06-30,2018-07-06,"MARGARET THOMAS"
5640,Processed,"Water Bottle",12,2018-06-30,2018-07-06,"NANCY EDWARDS"
6252,"Not Processed",Backpack,70,2018-06-30,,"CAROL LOPEZ"
5046,"Not Processed","Water Bottle",12,2018-06-30,,"MARY MARTINEZ"
7791,"Not Processed",Backpack,70,2018-06-30,,"BETTY EDWARDS"
7043,"Not Processed",Stove,35,2018-06-30,,"AMANDA HALL"
3322,"Not Processed","Sleeping Bag",55,2018-06-30,,"PATRICIA HILL"
6804,"Not Processed",Stove,35,2018-06-30,,"MARGARET MILLER"
2927,"Not Processed","Sleeping Bag",55,2018-06-30,,"DOROTHY JONES"
2492,"Not Processed",Stove,35,2018-06-30,,"ROBERT TAYLOR"
9956,"Not Processed",Backpack,70,2018-06-30,,"MARGARET ALLEN"
8486,"Not Processed",Backpack,70,2018-06-30,,"EMILY GONZALEZ"
1357,"Not Processed","Water Bottle",12,2018-06-30,,"AMANDA DAVIS"
4130,Processed,"Water Bottle",12,2018-06-30,2018-07-06,"EMILY BAKER"
9112,Processed,Backpack,70,2018-06-30,2018-07-06,"BETTY WALKER"
8846,Processed,Backpack,70,2018-06-30,2018-07-06,"LISA PARKER"
4186,Processed,Backpack,70,2018-06-30,2018-07-06,"DONNA BAKER"
6739,"Not Processed",Stove,35,2018-06-30,,"ASHLEY LEWIS"
4257,"Not Processed",Stove,35,2018-06-30,,"JESSICA HARRIS"
9301,"Not Processed","Water Bottle",12,2018-06-30,,"THOMAS ADAMS"
2461,Processed,Stove,35,2018-06-30,2018-07-06,"JESSICA ADAMS"
3538,"Not Processed","Sleeping Bag",55,2018-06-29,,"ANDREW NELSON"
5796,Processed,"Water Bottle",12,2018-06-29,2018-07-06,"NANCY HARRIS"
9206,"Not Processed",Backpack,70,2018-06-29,,"KAREN KING"
7460,Processed,Stove,35,2018-06-29,2018-07-06,"GEORGE JOHNSON"
4435,"Not Processed","Sleeping Bag",55,2018-06-29,,"JOSHUA GREEN"
2692,"Not Processed","Water Bottle",12,2018-06-29,,"SUSAN WALKER"
3927,Processed,"Water Bottle",12,2018-06-29,2018-07-06,"LINDA JONES"
6938,Processed,"Water Bottle",12,2018-06-29,2018-07-06,"ASHLEY MILLER"
5682,"Not Processed",Backpack,70,2018-06-29,,"KENNETH EVANS"
2003,"Not Processed","Water Bottle",12,2018-06-29,,"BETTY PARKER"
7748,Processed,"Water Bottle",12,2018-06-29,2018-07-06,"MARK KING"
3132,"Not Processed",Backpack,70,2018-06-29,,"JOSHUA WALKER"
4736,Processed,Stove,35,2018-06-29,2018-07-06,"MARY HERNANDEZ"
5948,Processed,Backpack,70,2018-06-29,2018-07-06,"DANIEL THOMAS"
3543,Processed,Stove,35,2018-06-29,2018-07-06,"CHARLES JONES"
9505,Processed,"Water Bottle",12,2018-06-29,2018-07-06,"SARAH WALKER"
9983,"Not Processed","Sleeping Bag",55,2018-06-29,,"CHRISTOPHER WRIGHT"
4542,Processed,Backpack,70,2018-06-29,2018-07-06,"MARK WHITE"
8637,"Not Processed",Stove,35,2018-06-29,,"LINDA TURNER"
9775,"Not Processed","Sleeping Bag",55,2018-06-29,,"DANIEL CLARK"
7874,Processed,"Water Bottle",12,2018-06-29,2018-07-06,"CHARLES MILLER"
1278,"Not Processed","Water Bottle",12,2018-06-29,,"AMANDA MARTINEZ"
9868,"Not Processed","Water Bottle",12,2018-06-29,,"KENNETH ROBINSON"
6274,"Not Processed",Backpack,70,2018-06-29,,"EMILY TAYLOR"
1969,"Not Processed","Sleeping Bag",55,2018-06-28,,"STEVEN JACKSON"
9108,"Not Processed",Backpack,70,2018-06-28,,"THOMAS GARCIA"
9390,Processed,"Water Bottle",12,2018-06-28,2018-07-06,"JESSICA MARTIN"
1301,Processed,"Sleeping Bag",55,2018-06-28,2018-07-06,"JOSEPH PARKER"
8268,Processed,"Water Bottle",12,2018-06-28,2018-07-06,"PATRICIA KING"
1000,Processed,Stove,35,2018-06-28,2018-07-06,"ROBERT CARTER"
1815,"Not Processed",Stove,35,2018-06-28,,"MARGARET NELSON"
3367,Processed,"Sleeping Bag",55,2018-06-28,2018-07-06,"SARAH HERNANDEZ"
9522,"Not Processed","Sleeping Bag",55,2018-06-28,,"MICHAEL JACKSON"
3937,Processed,Backpack,70,2018-06-28,2018-07-06,"MICHAEL WRIGHT"
8168,"Not Processed","Sleeping Bag",55,2018-06-28,,"LINDA ROBERTS"
4808,"Not Processed",Backpack,70,2018-06-28,,"LINDA HALL"
5346,"Not Processed","Water Bottle",12,2018-06-28,,"ANTHONY ROBERTS"
6950,"Not Processed",Stove,35,2018-06-28,,"JOHN COLLINS"
1365,Processed,"Water Bottle",12,2018-06-28,2018-07-06,"DAVID MOORE"
9817,"Not Processed","Sleeping Bag",55,2018-06-28,,"NANCY DAVIS"
7075,"Not Processed","Sleeping Bag",55,2018-06-28,,"MATTHEW MITCHELL"
5141,"Not Processed","Water Bottle",12,2018-06-28,,"DONALD WRIGHT"
2798,"Not Processed","Water Bottle",12,2018-06-28,,"JESSICA BAKER"
6930,"Not Processed",Backpack,70,2018-06-28,,"PATRICIA GREEN"
7658,Processed,Stove,35,2018-06-28,2018-07-06,"SARAH PARKER"
5706,"Not Processed",Backpack,70,2018-06-28,,"CHARLES COLLINS"
4949,"Not Processed","Sleeping Bag",55,2018-06-28,,"KEVIN PARKER"
6575,Processed,Stove,35,2018-06-28,2018-07-06,"STEVEN ANDERSON"
4667,"Not Processed",Backpack,70,2018-06-27,,"ROBERT ADAMS"
1024,Processed,"Sleeping Bag",55,2018-06-27,2018-07-06,"LISA JONES"
9096,Processed,"Sleeping Bag",55,2018-06-27,2018-07-06,"EMILY JACKSON"
7020,Processed,"Water Bottle",12,2018-06-27,2018-07-06,"SANDRA WILLIAMS"
6682,"Not Processed","Water Bottle",12,2018-06-27,,"KAREN ALLEN"
8877,Processed,Stove,35,2018-06-27,2018-07-06,"KENNETH HERNANDEZ"
7751,Processed,Stove,35,2018-06-27,2018-07-06,"ANDREW MITCHELL"
8522,"Not Processed","Water Bottle",12,2018-06-27,,"PATRICIA GARCIA"
1974,Processed,Backpack,70,2018-06-27,2018-07-06,"ASHLEY PHILLIPS"
4554,"Not Processed",Stove,35,2018-06-27,,"RICHARD WILLIAMS"
9841,Processed,"Water Bottle",12,2018-06-27,2018-07-06,"ROBERT CLARK"
5094,Processed,"Sleeping Bag",55,2018-06-27,2018-07-06,"THOMAS THOMAS"
6841,Processed,Backpack,70,2018-06-27,2018-07-06,"GEORGE MARTINEZ"
5380,"Not Processed",Backpack,70,2018-06-27,,"MARK YOUNG"
5340,"Not Processed","Water Bottle",12,2018-06-27,,"EMILY MOORE"
3458,"Not Processed","Water Bottle",12,2018-06-27,,"MICHAEL HALL"
7291,"Not Processed","Water Bottle",12,2018-06-27,,"RICHARD NELSON"
4690,Processed,Backpack,70,2018-06-27,2018-07-06,"WILLIAM BAKER"
9861,Processed,Stove,35,2018-06-27,2018-07-06,"KAREN CARTER"
2865,"Not Processed","Water Bottle",12,2018-06-27,,"MELISSA MITCHELL"
5458,Processed,Backpack,70,2018-06-27,2018-07-06,"NANCY MARTIN"
1000,"Not Processed",Stove,35,2018-06-27,,"DEBORAH MILLER"
6155,"Not Processed","Sleeping Bag",55,2018-06-27,,"DONALD MITCHELL"
5034,"Not Processed","Water Bottle",12,2018-06-27,,"EMILY WRIGHT"
3072,Processed,Backpack,70,2018-06-26,2018-07-06,"THOMAS HILL"
1612,"Not Processed",Stove,35,2018-06-26,,"PAUL JOHNSON"
5174,Processed,"Water Bottle",12,2018-06-26,2018-07-06,"EDWARD PARKER"
4760,"Not Processed",Backpack,70,2018-06-26,,"CHARLES RODRIGUEZ"
4903,"Not Processed","Sleeping Bag",55,2018-06-26,,"CAROL COLLINS"
4588,"Not Processed",Backpack,70,2018-06-26,,"MARY ANDERSON"
9564,"Not Processed","Sleeping Bag",55,2018-06-26,,"SANDRA HARRIS"
1053,"Not Processed","Sleeping Bag",55,2018-06-26,,"BRIAN SCOTT"
6303,"Not Processed",Stove,35,2018-06-26,,"MICHELLE HERNANDEZ"
7017,Processed,"Sleeping Bag",55,2018-06-26,2018-07-06,"EDWARD WILLIAMS"
9952,"Not Processed",Stove,35,2018-06-26,,"MARGARET PEREZ"
2563,"Not Processed",Stove,35,2018-06-26,,"AMANDA TAYLOR"
9588,"Not Processed",Stove,35,2018-06-26,,"CAROL KING"
9009,"Not Processed",Stove,35,2018-06-26,,"DONNA MITCHELL"
1969,"Not Processed","Sleeping Bag",55,2018-06-26,,"MARGARET EDWARDS"
4702,Processed,Backpack,70,2018-06-26,2018-07-06,"BRIAN ROBINSON"
3881,Processed,"Water Bottle",12,2018-06-26,2018-07-06,"LINDA ADAMS"
6415,Processed,"Sleeping Bag",55,2018-06-26,2018-07-06,"KAREN HALL"
8505,"Not Processed","Sleeping Bag",55,2018-06-26,,"DAVID SCOTT"
6360,"Not Processed","Sleeping Bag",55,2018-06-26,,"PAUL GARCIA"
9003,Processed,Stove,35,2018-06-26,2018-07-06,"KENNETH WHITE"
7411,Processed,Stove,35,2018-06-26,2018-07-06,"ROBERT HILL"
7750,"Not Processed","Sleeping Bag",55,2018-06-26,,"KAREN PHILLIPS"
6573,"Not Processed","Water Bottle",12,2018-06-26,,"BETTY JONES"
6327,Processed,"Sleeping Bag",55,2018-06-25,2018-07-06,"NANCY CARTER"
5632,"Not Processed","Water Bottle",12,2018-06-25,,"JENNIFER MOORE"
5014,Processed,"Water Bottle",12,2018-06-25,2018-07-06,"ELIZABETH ANDERSON"
6433,"Not Processed",Stove,35,2018-06-25,,"EDWARD GREEN"
1164,"Not Processed","Water Bottle",12,2018-06-25,,"ANTHONY LEWIS"
2636,Processed,Stove,35,2018-06-25,2018-07-06,"GEORGE BAKER"
8300,"Not Processed","Sleeping Bag",55,2018-06-25,,"EDWARD HARRIS"
5631,Processed,"Sleeping Bag",55,2018-06-25,2018-07-06,"NANCY WRIGHT"
2684,Processed,Backpack,70,2018-06-25,2018-07-06,"DEBORAH MARTINEZ"
3652,"Not Processed",Stove,35,2018-06-25,,"ELIZABETH HARRIS"
7523,"Not Processed","Water Bottle",12,2018-06-25,,"ROBERT JACKSON"
4507,"Not Processed","Water Bottle",12,2018-06-25,,"EMILY ANDERSON"
8931,"Not Processed","Sleeping Bag",55,2018-06-25,,"NANCY TURNER"
5905,Processed,Stove,35,2018-06-25,2018-07-06,"ROBERT JOHNSON"
1222,"Not Processed",Backpack,70,2018-06-25,,"JOHN JOHNSON"
3467,Processed,"Water Bottle",12,2018-06-25,2018-07-06,"ANTHONY LEWIS"
2512,"Not Processed","Water Bottle",12,2018-06-25,,"MICHELLE JACKSON"
6260,Processed,Stove,35,2018-06-25,2018-07-06,"CAROL MARTINEZ"
9830,"Not Processed",Backpack,70,2018-06-25,,"JOSHUA LEWIS"
2139,Processed,"Sleeping Bag",55,2018-06-25,2018-07-06,"MATTHEW THOMAS"
5084,Processed,Backpack,70,2018-06-25,2018-07-06,"DAVID WALKER"
7751,Processed,"Sleeping Bag",55,2018-06-25,2018-07-06,"DONALD HARRIS"
2216,Processed,"Sleeping Bag",55,2018-06-25,2018-07-06,"CHARLES COLLINS"
7920,"Not Processed","Water Bottle",12,2018-06-25,,"THOMAS WRIGHT"
2269,Processed,Backpack,70,2018-06-24,2018-07-06,"DAVID COLLINS"
3679,Processed,"Sleeping Bag",55,2018-06-24,2018-07-06,"MARY CARTER"
9963,"Not Processed",Stove,35,2018-06-24,,"BETTY ANDERSON"
8078,Processed,"Water Bottle",12,2018-06-24,2018-07-06,"NANCY GARCIA"
6849,Processed,"Sleeping Bag",55,2018-06-24,2018-07-06,"ASHLEY JOHNSON"
4036,"Not Processed",Stove,35,2018-06-24,,"PATRICIA HILL"
1036,Processed,Stove,35,2018-06-24,2018-07-06,"EDWARD ANDERSON"
9935,"Not Processed",Backpack,70,2018-06-24,,"KEVIN COLLINS"
2711,Processed,Stove,35,2018-06-24,2018-07-06,"LISA BAKER"
2869,Processed,"Sleeping Bag",55,2018-06-24,2018-07-06,"MICHAEL SCOTT"
3942,Processed,Backpack,70,2018-06-24,2018-07-06,"SARAH COLLINS"
8354,Processed,Stove,35,2018-06-24,2018-07-06,"JENNIFER TURNER"
5359,Processed,Backpack,70,2018-06-24,2018-07-06,"KENNETH LEE"
5773,Processed,"Sleeping Bag",55,2018-06-24,2018-07-06,"DONALD RODRIGUEZ"
8564,Processed,Stove,35,2018-06-24,2018-07-06,"DANIEL GARCIA"
6537,Processed,Stove,35,2018-06-24,2018-07-06,"JOSHUA BAKER"
7378,Processed,"Sleeping Bag",55,2018-06-24,2018-07-06,"ANTHONY JONES"
8686,Processed,"Sleeping Bag",55,2018-06-24,2018-07-06,"CHARLES EVANS"
3942,"Not Processed","Water Bottle",12,2018-06-24,,"SANDRA DAVIS"
7263,"Not Processed",Backpack,70,2018-06-24,,"SARAH HARRIS"
8069,"Not Processed","Sleeping Bag",55,2018-06-24,,"SANDRA THOMAS"
9587,Processed,Stove,35,2018-06-24,2018-07-06,"DEBORAH MITCHELL"
2903,"Not Processed","Water Bottle",12,2018-06-24,,"SANDRA GONZALEZ"
6982,"Not Processed","Water Bottle",12,2018-06-24,,"KAREN WILLIAMS"
2508,"Not Processed","Water Bottle",12,2018-06-23,,"DEBORAH CARTER"
8968,"Not Processed",Stove,35,2018-06-23,,"PATRICIA JACKSON"
1698,"Not Processed","Water Bottle",12,2018-06-23,,"JOSHUA ADAMS"
3735,"Not Processed","Sleeping Bag",55,2018-06-23,,"ROBERT MARTIN"
6751,"Not Processed",Stove,35,2018-06-23,,"EDWARD WHITE"
5743,"Not Processed",Stove,35,2018-06-23,,"JOSHUA EVANS"
4607,"Not Processed",Backpack,70,2018-06-23,,"JESSICA CLARK"
7644,Processed,Backpack,70,2018-06-23,2018-07-06,"CHRISTOPHER CARTER"
2282,Processed,"Water Bottle",12,2018-06-23,2018-07-06,"ANTHONY COLLINS"
7757,"Not Processed","Water Bottle",12,2018-06-23,,"RICHARD PEREZ"
7155,Processed,"Water Bottle",12,2018-06-23,2018-07-06,"MICHAEL HILL"
4325,"Not Processed","Water Bottle",12,2018-06-23,,"ASHLEY THOMAS"
6462,"Not Processed","Sleeping Bag",55,2018-06-23,,"SUSAN CAMPBELL"
2451,"Not Processed","Sleeping Bag",55,2018-06-23,,"JESSICA HERNANDEZ"
8141,Processed,Stove,35,2018-06-23,2018-07-06,"THOMAS THOMPSON"
8892,"Not Processed","Water Bottle",12,2018-06-23,,"DEBORAH MILLER"
6408,"Not Processed",Backpack,70,2018-06-23,,"SARAH BAKER"
1627,"Not Processed",Stove,35,2018-06-23,,"SANDRA BAKER"
7741,Processed,Stove,35,2018-06-23,2018-07-06,"BRIAN JOHNSON"
9436,"Not Processed","Sleeping Bag",55,2018-06-23,,"KEVIN JACKSON"
3937,"Not Processed","Water Bottle",12,2018-06-23,,"KAREN HILL"
1973,"Not Processed",Stove,35,2018-06-23,,"CHRISTOPHER MILLER"
3466,Processed,"Water Bottle",12,2018-06-23,2018-07-06,"CHRISTOPHER LOPEZ"
8553,"Not Processed",Stove,35,2018-06-23,,"LISA LEE"
8332,Processed,Stove,35,2018-06-22,2018-07-06,"DONNA GONZALEZ"
9858,"Not Processed","Sleeping Bag",55,2018-06-22,,"MARGARET TURNER"
1778,Processed,Backpack,70,2018-06-22,2018-07-06,"BRIAN HALL"
3290,"Not Processed",Backpack,70,2018-06-22,,"SARAH HILL"
9594,"Not Processed","Water Bottle",12,2018-06-22,,"KAREN MARTINEZ"
8593,Processed,"Water Bottle",12,2018-06-22,2018-07-06,"RICHARD MARTINEZ"
6741,"Not Processed","Water Bottle",12,2018-06-22,,"JOSHUA ROBINSON"
1577,"Not Processed",Backpack,70,2018-06-22,,"DOROTHY LEWIS"
5407,Processed,"Sleeping Bag",55,2018-06-22,2018-07-06,"DANIEL RODRIGUEZ"
3422,Processed,"Sleeping Bag",55,2018-06-22,2018-07-06,"SANDRA WRIGHT"
4074,"Not Processed",Stove,35,2018-06-22,,"RICHARD NELSON"
7944,"Not Processed",Backpack,70,2018-06-22,,"MICHAEL COLLINS"
7910,Processed,Backpack,70,2018-06-22,2018-07-06,"LINDA LOPEZ"
1312,Processed,"Sleeping Bag",55,2018-06-22,2018-07-06,"MARGARET LOPEZ"
6592,"Not Processed","Sleeping Bag",55,2018-06-22,,"PAUL JONES"
6974,"Not Processed","Water Bottle",12,2018-06-22,,"DAVID MARTIN"
5563,"Not Processed",Backpack,70,2018-06-22,,"LISA GONZALEZ"
4835,Processed,Stove,35,2018-06-22,2018-07-06,"MARY YOUNG"
9641,"Not Processed","Water Bottle",12,2018-06-22,,"WILLIAM DAVIS"
2459,Processed,Backpack,70,2018-06-22,2018-07-06,"SANDRA YOUNG"
7724,"Not Processed","Water Bottle",12,2018-06-22,,"JOSHUA CLARK"
4386,"Not Processed","Sleeping Bag",55,2018-06-22,,"DONALD HERNANDEZ"
5428,"Not Processed",Stove,35,2018-06-22,,"DEBORAH COLLINS"
4380,Processed,Backpack,70,2018-06-22,2018-07-06,"SARAH ROBINSON"
8554,Processed,Backpack,70,2018-06-21,2018-07-06,"JOSEPH COLLINS"
2896,"Not Processed",Stove,35,2018-06-21,,"BETTY PEREZ"
3587,"Not Processed","Water Bottle",12,2018-06-21,,"MICHELLE WILSON"
1754,"Not Processed",Backpack,70,2018-06-21,,"JOHN HILL"
4366,Processed,"Sleeping Bag",55,2018-06-21,2018-07-06,"WILLIAM MARTINEZ"
9800,"Not Processed","Sleeping Bag",55,2018-06-21,,"BETTY THOMPSON"
5628,"Not Processed","Sleeping Bag",55,2018-06-21,,"DANIEL CARTER"
8806,"Not Processed","Sleeping Bag",55,2018-06-21,,"JOSEPH RODRIGUEZ"
9729,Processed,Backpack,70,2018-06-21,2018-07-06,"KAREN PEREZ"
4513,Processed,Backpack,70,2018-06-21,2018-07-06,"CHARLES RODRIGUEZ"
4966,"Not Processed","Water Bottle",12,2018-06-21,,"STEVEN WRIGHT"
8241,Processed,"Sleeping Bag",55,2018-06-21,2018-07-06,"MICHELLE MARTINEZ"
9842,"Not Processed",Backpack,70,2018-06-21,,"JOHN RODRIGUEZ"
2482,Processed,"Water Bottle",12,2018-06-21,2018-07-06,"ASHLEY LEWIS"
5443,Processed,"Water Bottle",12,2018-06-21,2018-07-06,"CHRISTOPHER CAMPBELL"
3222,Processed,"Sleeping Bag",55,2018-06-21,2018-07-06,"WILLIAM WRIGHT"
7326,Processed,"Water Bottle",12,2018-06-21,2018-07-06,"ANTHONY ROBINSON"
6921,"Not Processed","Water Bottle",12,2018-06-21,,"BARBARA YOUNG"
1999,"Not Processed","Water Bottle",12,2018-06-21,,"CHRISTOPHER MOORE"
1587,Processed,Backpack,70,2018-06-21,2018-07-06,"RICHARD BAKER"
9479,Processed,Backpack,70,2018-06-21,2018-07-06,"ELIZABETH MARTINEZ"
4652,"Not Processed","Sleeping Bag",55,2018-06-21,,"DANIEL HERNANDEZ"
2349,"Not Processed","Sleeping Bag",55,2018-06-21,,"RICHARD SCOTT"
8983,Processed,"Water Bottle",12,2018-06-21,2018-07-06,"CAROL MILLER"
4329,"Not Processed",Backpack,70,2018-06-20,,"MARGARET CARTER"
3807,Processed,Stove,35,2018-06-20,2018-07-06,"STEVEN YOUNG"
4850,"Not Processed","Water Bottle",12,2018-06-20,,"EMILY WRIGHT"
9213,Processed,Backpack,70,2018-06-20,2018-07-06,"DANIEL GARCIA"
6700,Processed,"Water Bottle",12,2018-06-20,2018-07-06,"CAROL TURNER"
5173,Processed,"Sleeping Bag",55,2018-06-20,2018-07-06,"MATTHEW MARTIN"
3946,"Not Processed",Backpack,70,2018-06-20,,"JENNIFER ADAMS"
5167,Processed,Stove,35,2018-06-20,2018-07-06,"JOSEPH WILSON"
8657,Processed,"Water Bottle",12,2018-06-20,2018-07-06,"PATRICIA HILL"
8970,Processed,"Sleeping Bag",55,2018-06-20,2018-07-06,"WILLIAM THOMPSON"
7432,"Not Processed",Backpack,70,2018-06-20,,"MARGARET YOUNG"
5839,Processed,Backpack,70,2018-06-20,2018-07-06,"DOROTHY JOHNSON"
5191,Processed,Stove,35,2018-06-20,2018-07-06,"MELISSA HERNANDEZ"
4577,Processed,"Sleeping Bag",55,2018-06-20,2018-07-06,"PATRICIA GREEN"
6418,Processed,"Sleeping Bag",55,2018-06-20,2018-07-06,"ANDREW HILL"
9010,"Not Processed","Sleeping Bag",55,2018-06-20,,"ANDREW JONES"
6448,"Not Processed",Backpack,70,2018-06-20,,"GEORGE COLLINS"
6740,"Not Processed",Stove,35,2018-06-20,,"JESSICA JACKSON"
6284,"Not Processed","Water Bottle",12,2018-06-20,,"MICHELLE YOUNG"
9220,Processed,Stove,35,2018-06-20,2018-07-06,"JOSEPH EVANS"
5019,Processed,"Water Bottle",12,2018-06-20,2018-07-06,"WILLIAM TAYLOR"
3906,Processed,"Sleeping Bag",55,2018-06-20,2018-07-06,"DONNA WILLIAMS"
6386,Processed,"Sleeping Bag",55,2018-06-20,2018-07-06,"MICHELLE CLARK"
2563,"Not Processed","Water Bottle",12,2018-06-20,,"WILLIAM LEE"
7266,Processed,Stove,35,2018-06-19,2018-07-06,"EDWARD KING"
3046,Processed,"Water Bottle",12,2018-06-19,2018-07-06,"BETTY HALL"
2460,Processed,Stove,35,2018-06-19,2018-07-06,"MARY THOMPSON"
2940,Processed,"Sleeping Bag",55,2018-06-19,2018-07-06,"DAVID EDWARDS"
3847,"Not Processed","Water Bottle",12,2018-06-19,,"THOMAS ANDERSON"
9583,Processed,Backpack,70,2018-06-19,2018-07-06,"MARY MILLER"
3559,Processed,Backpack,70,2018-06-19,2018-07-06,"KEVIN WHITE"
5415,"Not Processed",Stove,35,2018-06-19,,"MICHELLE WILLIAMS"
3827,"Not Processed",Backpack,70,2018-06-19,,"MELISSA THOMPSON"
1739,"Not Processed","Water Bottle",12,2018-06-19,,"WILLIAM HARRIS"
8463,"Not Processed",Stove,35,2018-06-19,,"PATRICIA MOORE"
1159,"Not Processed",Backpack,70,2018-06-19,,"WILLIAM WILLIAMS"
9969,"Not Processed","Sleeping Bag",55,2018-06-19,,"JOHN PHILLIPS"
4660,Processed,"Water Bottle",12,2018-06-19,2018-07-06,"PATRICIA HARRIS"
1357,Processed,Stove,35,2018-06-19,2018-07-06,"MARK COLLINS"
2008,"Not Processed",Backpack,70,2018-06-19,,"DANIEL WHITE"
9466,"Not Processed",Stove,35,2018-06-19,,"MELISSA COLLINS"
7725,Processed,"Sleeping Bag",55,2018-06-19,2018-07-06,"CHARLES CAMPBELL"
6085,Processed,"Sleeping Bag",55,2018-06-19,2018-07-06,"CHARLES KING"
9249,Processed,Backpack,70,2018-06-19,2018-07-06,"ELIZABETH EDWARDS"
6230,"Not Processed",Stove,35,2018-06-19,,"MICHELLE TAYLOR"
7940,Processed,Backpack,70,2018-06-19,2018-07-06,"ROBERT THOMAS"
4742,Processed,"Water Bottle",12,2018-06-19,2018-07-06,"PAUL ROBINSON"
9042,"Not Processed","Sleeping Bag",55,2018-06-19,,"WILLIAM JACKSON"
2808,Processed,"Sleeping Bag",55,2018-06-18,2018-07-06,"BRIAN HERNANDEZ"
7501,"Not Processed",Stove,35,2018-06-18,,"CHRISTOPHER PHILLIPS"
6992,Processed,Stove,35,2018-06-18,2018-07-06,"DANIEL ALLEN"
4860,"Not Processed","Water Bottle",12,2018-06-18,,"MELISSA HALL"
5604,Processed,"Water Bottle",12,2018-06-18,2018-07-06,"ASHLEY MOORE"
8413,Processed,Stove,35,2018-06-18,2018-07-06,"CHRISTOPHER COLLINS"
4762,Processed,Stove,35,2018-06-18,2018-07-06,"MICHAEL MARTINEZ"
5511,Processed,"Water Bottle",12,2018-06-18,2018-07-06,"BARBARA PHILLIPS"
6749,Processed,Backpack,70,2018-06-18,2018-07-06,"DANIEL BROWN"
1882,Processed,"Sleeping Bag",55,2018-06-18,2018-07-06,"MARGARET JONES"
9118,Processed,Backpack,70,2018-06-18,2018-07-06,"AMANDA KING"
2612,"Not Processed","Water Bottle",12,2018-06-18,,"EMILY KING"
1700,Processed,Stove,35,2018-06-18,2018-07-06,"DOROTHY TAYLOR"
3788,"Not Processed",Stove,35,2018-06-18,,"CHRISTOPHER ALLEN"
4347,Processed,"Water Bottle",12,2018-06-18,2018-07-06,"LINDA MITCHELL"
3047,"Not Processed","Sleeping Bag",55,2018-06-18,,"DONNA LOPEZ"
7577,"Not Processed",Backpack,70,2018-06-18,,"ANTHONY HILL"
3247,Processed,"Sleeping Bag",55,2018-06-18,2018-07-06,"MATTHEW WILLIAMS"
8865,"Not Processed",Stove,35,2018-06-18,,"MARGARET LEWIS"
7421,Processed,Stove,35,2018-06-18,2018-07-06,"EDWARD MILLER"
5968,Processed,Stove,35,2018-06-18,2018-07-06,"KAREN GREEN"
6912,Processed,Stove,35,2018-06-18,2018-07-06,"BARBARA CLARK"
2582,Processed,"Water Bottle",12,2018-06-18,2018-07-06,"PATRICIA ADAMS"
2265,"Not Processed",Backpack,70,2018-06-18,,"DONALD LOPEZ"
9586,"Not Processed",Backpack,70,2018-06-17,,"JENNIFER GARCIA"
4408,Processed,Backpack,70,2018-06-17,2018-07-06,"KIMBERLY MARTINEZ"
9783,Processed,"Sleeping Bag",55,2018-06-17,2018-07-06,"ASHLEY CLARK"
9663,Processed,"Water Bottle",12,2018-06-17,2018-07-06,"ANTHONY TAYLOR"
1430,Processed,Stove,35,2018-06-17,2018-07-06,"DOROTHY DAVIS"
3976,"Not Processed","Sleeping Bag",55,2018-06-17,,"MARY CAMPBELL"
9852,"Not Processed",Backpack,70,2018-06-17,,"MARGARET BROWN"
3892,Processed,"Sleeping Bag",55,2018-06-17,2018-07-06,"RICHARD WILLIAMS"
4517,Processed,Backpack,70,2018-06-17,2018-07-06,"KIMBERLY JONES"
3727,Processed,Stove,35,2018-06-17,2018-07-06,"NANCY PEREZ"
9231,"Not Processed","Sleeping Bag",55,2018-06-17,,"BETTY WALKER"
6351,"Not Processed",Backpack,70,2018-06-17,,"DAVID WRIGHT"
1618,"Not Processed","Water Bottle",12,2018-06-17,,"DOROTHY LEWIS"
7807,"Not Processed","Water Bottle",12,2018-06-17,,"MICHAEL COLLINS"
9166,Processed,Backpack,70,2018-06-17,2018-07-06,"EMILY LOPEZ"
2746,"Not Processed",Stove,35,2018-06-17,,"DANIEL SCOTT"
6595,"Not Processed","Water Bottle",12,2018-06-17,,"MARK MOORE"
6074,"Not Processed","Sleeping Bag",55,2018-06-17,,"KEVIN NELSON"
6394,"Not Processed",Stove,35,2018-06-17,,"BRIAN TAYLOR"
6315,Processed,Stove,35,2018-06-17,2018-07-06,"JOHN ADAMS"
8416,Processed,Backpack,70,2018-06-17,2018-07-06,"JOSEPH LOPEZ"
7367,"Not Processed","Sleeping Bag",55,2018-06-17,,"LINDA WILSON"
8835,Processed,Stove,35,2018-06-17,2018-07-06,"JOHN WALKER"
1880,Processed,Backpack,70,2018-06-17,2018-07-06,"STEVEN EDWARDS"
1347,"Not Processed",Backpack,70,2018-06-16,,"PAUL EDWARDS"
9165,"Not Processed","Water Bottle",12,2018-06-16,,"STEVEN EVANS"
6314,"Not Processed",Stove,35,2018-06-16,,"MICHELLE TURNER"
1728,Processed,Stove,35,2018-06-16,2018-07-06,"DAVID THOMAS"
6891,"Not Processed","Water Bottle",12,2018-06-16,,"MATTHEW GREEN"
4710,"Not Processed","Water Bottle",12,2018-06-16,,"MARK DAVIS"
4541,"Not Processed",Backpack,70,2018-06-16,,"SARAH WILLIAMS"
1854,"Not Processed","Sleeping Bag",55,2018-06-16,,"STEVEN NELSON"
9436,"Not Processed",Backpack,70,2018-06-16,,"PAUL MITCHELL"
1235,"Not Processed","Sleeping Bag",55,2018-06-16,,"CAROL THOMAS"
5928,Processed,"Sleeping Bag",55,2018-06-16,2018-07-06,"DAVID WILLIAMS"
7683,"Not Processed","Water Bottle",12,2018-06-16,,"CHARLES GARCIA"
2071,"Not Processed","Water Bottle",12,2018-06-16,,"STEVEN LEE"
8069,Processed,Backpack,70,2018-06-16,2018-07-06,"STEVEN LEE"
6109,Processed,Stove,35,2018-06-16,2018-07-06,"KIMBERLY THOMAS"
9434,"Not Processed","Sleeping Bag",55,2018-06-16,,"JENNIFER NELSON"
2620,"Not Processed",Stove,35,2018-06-16,,"THOMAS MARTINEZ"
8977,Processed,Stove,35,2018-06-16,2018-07-06,"EMILY JACKSON"
3976,Processed,Stove,35,2018-06-16,2018-07-06,"ELIZABETH JOHNSON"
9362,"Not Processed",Backpack,70,2018-06-16,,"MARGARET LOPEZ"
7415,Processed,Stove,35,2018-06-16,2018-07-06,"PAUL RODRIGUEZ"
8670,Processed,Stove,35,2018-06-16,2018-07-06,"PAUL PARKER"
1832,"Not Processed","Sleeping Bag",55,2018-06-16,,"KAREN RODRIGUEZ"
7822,Processed,Stove,35,2018-06-16,2018-07-06,"DOROTHY YOUNG"
1262,"Not Processed","Water Bottle",12,2018-06-15,,"AMANDA ANDERSON"
7472,Processed,Backpack,70,2018-06-15,2018-07-06,"STEVEN DAVIS"
9366,"Not Processed",Backpack,70,2018-06-15,,"BRIAN KING"
4035,"Not Processed","Sleeping Bag",55,2018-06-15,,"DONALD EDWARDS"
7087,"Not Processed",Stove,35,2018-06-15,,"MATTHEW DAVIS"
9651,"Not Processed",Stove,35,2018-06-15,,"EMILY YOUNG"
3965,Processed,Stove,35,2018-06-15,2018-07-06,"JOSEPH JACKSON"
2428,Processed,Backpack,70,2018-06-15,2018-07-06,"AMANDA PEREZ"
6942,Processed,"Sleeping Bag",55,2018-06-15,2018-07-06,"MICHELLE WRIGHT"
1719,"Not Processed",Stove,35,2018-06-15,,"EMILY HILL"
2338,Processed,Backpack,70,2018-06-15,2018-07-06,"EDWARD LOPEZ"
5174,Processed,Stove,35,2018-06-15,2018-07-06,"JOSEPH WHITE"
6977,"Not Processed","Sleeping Bag",55,2018-06-15,,"ANDREW EVANS"
5451,Processed,Backpack,70,2018-06-15,2018-07-06,"KENNETH CLARK"
8220,"Not Processed",Backpack,70,2018-06-15,,"KIMBERLY SCOTT"
1388,"Not Processed","Water Bottle",12,2018-06-15,,"MARK PEREZ"
5577,Processed,Stove,35,2018-06-15,2018-07-06,"KIMBERLY WALKER"
2180,"Not Processed","Water Bottle",12,2018-06-15,,"DAVID CLARK"
4021,"Not Processed","Sleeping Bag",55,2018-06-15,,"EMILY JONES"
6351,Processed,"Sleeping Bag",55,2018-06-15,2018-07-06,"JENNIFER MARTINEZ"
1282,Processed,Backpack,70,2018-06-15,2018-07-06,"MARY BAKER"
7100,"Not Processed",Backpack,70,2018-06-15,,"DONALD HARRIS"
9482,Processed,"Water Bottle",12,2018-06-15,2018-07-06,"DONALD SCOTT"
2537,"Not Processed",Stove,35,2018-06-15,,"BARBARA MARTINEZ"
4841,Processed,"Sleeping Bag",55,2018-06-14,2018-07-06,"SUSAN THOMAS"
3251,Processed,Backpack,70,2018-06-14,2018-07-06,"JESSICA MARTINEZ"
3265,"Not Processed","Sleeping Bag",55,2018-06-14,,"THOMAS HARRIS"
2115,Processed,"Sleeping Bag",55,2018-06-14,2018-07-06,"KEVIN GREEN"
5277,"Not Processed","Sleeping Bag",55,2018-06-14,,"MARY JONES"
3490,Processed,Stove,35,2018-06-14,2018-07-06,"ROBERT HALL"
3254,Processed,"Water Bottle",12,2018-06-14,2018-07-06,"JOSEPH HALL"
1335,"Not Processed","Sleeping Bag",55,2018-06-14,,"MELISSA GARCIA"
1931,"Not Processed","Sleeping Bag",55,2018-06-14,,"MATTHEW RODRIGUEZ"
6292,"Not Processed",Backpack,70,2018-06-14,,"GEORGE LEE"
1203,"Not Processed","Sleeping Bag",55,2018-06-14,,"CAROL WILLIAMS"
2005,"Not Processed",Backpack,70,2018-06-14,,"DAVID TAYLOR"
8020,Processed,Backpack,70,2018-06-14,2018-07-06,"ANDREW BROWN"
8833,"Not Processed",Backpack,70,2018-06-14,,"STEVEN PEREZ"
7967,"Not Processed",Stove,35,2018-06-14,,"JOHN WHITE"
8968,"Not Processed",Stove,35,2018-06-14,,"MICHELLE GREEN"
1783,"Not Processed",Stove,35,2018-06-14,,"SUSAN PARKER"
3158,"Not Processed","Water Bottle",12,2018-06-14,,"PATRICIA LEWIS"
8616,Processed,"Sleeping Bag",55,2018-06-14,2018-07-06,"PAUL KING"
6064,"Not Processed",Stove,35,2018-06-14,,"MARGARET JACKSON"
8387,"Not Processed",Stove,35,2018-06-14,,"DAVID ROBERTS"
5662,Processed,Stove,35,2018-06-14,2018-07-06,"MICHAEL CLARK"
4755,Processed,Stove,35,2018-06-14,2018-07-06,"LINDA SCOTT"
8825,Processed,Stove,35,2018-06-14,2018-07-06,"DANIEL CAMPBELL"
6792,"Not Processed",Stove,35,2018-06-13,,"DONALD HARRIS"
8670,Processed,Stove,35,2018-06-13,2018-07-06,"EMILY JACKSON"
1431,Processed,"Sleeping Bag",55,2018-06-13,2018-07-06,"JENNIFER JACKSON"
4235,"Not Processed",Backpack,70,2018-06-13,,"PAUL LEE"
1549,Processed,"Sleeping Bag",55,2018-06-13,2018-07-06,"SANDRA ANDERSON"
1143,"Not Processed","Water Bottle",12,2018-06-13,,"NANCY LEE"
8343,"Not Processed",Backpack,70,2018-06-13,,"ANDREW ROBINSON"
1605,"Not Processed",Stove,35,2018-06-13,,"BARBARA ROBERTS"
3677,Processed,Stove,35,2018-06-13,2018-07-06,"ANTHONY CLARK"
4899,Processed,"Sleeping Bag",55,2018-06-13,2018-07-06,"KEVIN BROWN"
1186,Processed,"Sleeping Bag",55,2018-06-13,2018-07-06,"JENNIFER HILL"
6908,Processed,Stove,35,2018-06-13,2018-07-06,"CHRISTOPHER MILLER"
4269,Processed,"Sleeping Bag",55,2018-06-13,2018-07-06,"DAVID DAVIS"
6117,"Not Processed",Stove,35,2018-06-13,,"DONALD CARTER"
1316,"Not Processed","Sleeping Bag",55,2018-06-13,,"AMANDA HERNANDEZ"
1381,Processed,Stove,35,2018-06-13,2018-07-06,"BARBARA PARKER"
4972,"Not Processed","Sleeping Bag",55,2018-06-13,,"DAVID YOUNG"
5765,Processed,"Water Bottle",12,2018-06-13,2018-07-06,"RICHARD PARKER"
4034,"Not Processed",Stove,35,2018-06-13,,"SUSAN YOUNG"
6255,Processed,Stove,35,2018-06-13,2018-07-06,"BETTY MOORE"
5972,Processed,Backpack,70,2018-06-13,2018-07-06,"EDWARD LEE"
4976,Processed,"Water Bottle",12,2018-06-13,2018-07-06,"DONNA SCOTT"
8300,Processed,Stove,35,2018-06-13,2018-07-06,"MARGARET JOHNSON"
9594,"Not Processed","Water Bottle",12,2018-06-13,,"JOSHUA ANDERSON"
2541,Processed,Stove,35,2018-06-12,2018-07-06,"DONNA LEWIS"
2091,Processed,"Sleeping Bag",55,2018-06-12,2018-07-06,"WILLIAM SCOTT"
1419,Processed,"Sleeping Bag",55,2018-06-12,2018-07-06,"SARAH JOHNSON"
1786,Processed,"Water Bottle",12,2018-06-12,2018-07-06,"DAVID PEREZ"
6522,Processed,"Sleeping Bag",55,2018-06-12,2018-07-06,"RICHARD COLLINS"
8920,Processed,"Water Bottle",12,2018-06-12,2018-07-06,"DAVID BAKER"
6943,Processed,"Sleeping Bag",55,2018-06-12,2018-07-06,"ASHLEY CLARK"
7459,"Not Processed",Stove,35,2018-06-12,,"CHARLES PHILLIPS"
5573,Processed,"Sleeping Bag",55,2018-06-12,2018-07-06,"CHRISTOPHER ROBERTS"
1691,"Not Processed",Backpack,70,2018-06-12,,"CHRISTOPHER WHITE"
5674,Processed,Backpack,70,2018-06-12,2018-07-06,"CHRISTOPHER GONZALEZ"
1559,Processed,Backpack,70,2018-06-12,2018-07-06,"GEORGE WHITE"
9419,Processed,Stove,35,2018-06-12,2018-07-06,"SUSAN WRIGHT"
6327,Processed,Stove,35,2018-06-12,2018-07-06,"JOSHUA EVANS"
1336,Processed,"Sleeping Bag",55,2018-06-12,2018-07-06,"MICHAEL LEWIS"
1491,"Not Processed",Stove,35,2018-06-12,,"RICHARD LEE"
1025,Processed,Backpack,70,2018-06-12,2018-07-06,"PAUL RODRIGUEZ"
5592,Processed,"Water Bottle",12,2018-06-12,2018-07-06,"CHARLES THOMPSON"
7374,Processed,"Water Bottle",12,2018-06-12,2018-07-06,"ASHLEY EDWARDS"
9807,"Not Processed",Backpack,70,2018-06-12,,"WILLIAM PEREZ"
4105,Processed,Stove,35,2018-06-12,2018-07-06,"MELISSA LEE"
3195,"Not Processed",Stove,35,2018-06-12,,"CAROL WALKER"
6332,"Not Processed",Backpack,70,2018-06-12,,"BRIAN JACKSON"
6903,"Not Processed",Backpack,70,2018-06-12,,"CHARLES JOHNSON"
1886,"Not Processed","Sleeping Bag",55,2018-06-11,,"THOMAS GONZALEZ"
2426,Processed,"Water Bottle",12,2018-06-11,2018-07-06,"RICHARD THOMPSON"
7667,Processed,"Water Bottle",12,2018-06-11,2018-07-06,"KAREN GREEN"
7581,Processed,"Sleeping Bag",55,2018-06-11,2018-07-06,"PAUL YOUNG"
6384,Processed,Stove,35,2018-06-11,2018-07-06,"KEVIN YOUNG"
8074,"Not Processed",Stove,35,2018-06-11,,"LINDA MOORE"
2800,"Not Processed","Sleeping Bag",55,2018-06-11,,"AMANDA ALLEN"
6312,"Not Processed","Sleeping Bag",55,2018-06-11,,"ANDREW PEREZ"
3635,Processed,Backpack,70,2018-06-11,2018-07-06,"PAUL BAKER"
7878,Processed,Stove,35,2018-06-11,2018-07-06,"DAVID CLARK"
6414,"Not Processed","Sleeping Bag",55,2018-06-11,,"LINDA HALL"
5727,Processed,"Water Bottle",12,2018-06-11,2018-07-06,"ANDREW SCOTT"
9236,"Not Processed",Stove,35,2018-06-11,,"STEVEN PEREZ"
7161,"Not Processed",Stove,35,2018-06-11,,"PATRICIA RODRIGUEZ"
1323,"Not Processed","Sleeping Bag",55,2018-06-11,,"CAROL GREEN"
1709,"Not Processed",Stove,35,2018-06-11,,"KEVIN HARRIS"
8940,"Not Processed",Backpack,70,2018-06-11,,"JOSHUA WILLIAMS"
4309,"Not Processed",Stove,35,2018-06-11,,"PAUL DAVIS"
1715,"Not Processed","Sleeping Bag",55,2018-06-11,,"ROBERT NELSON"
5001,Processed,Backpack,70,2018-06-11,2018-07-06,"RICHARD HALL"
5382,Processed,Backpack,70,2018-06-11,2018-07-06,"DOROTHY MARTIN"
1038,Processed,"Sleeping Bag",55,2018-06-11,2018-07-06,"ASHLEY PHILLIPS"
5501,"Not Processed","Water Bottle",12,2018-06-11,,"ANTHONY GARCIA"
9030,"Not Processed",Backpack,70,2018-06-11,,"SARAH YOUNG"
5971,Processed,Backpack,70,2018-06-10,2018-07-06,"GEORGE LOPEZ"
6608,"Not Processed",Stove,35,2018-06-10,,"CAROL TURNER"
7226,Processed,"Water Bottle",12,2018-06-10,2018-07-06,"JENNIFER HARRIS"
3702,"Not Processed","Water Bottle",12,2018-06-10,,"PATRICIA EVANS"
7265,"Not Processed","Sleeping Bag",55,2018-06-10,,"BRIAN THOMAS"
7452,"Not Processed",Backpack,70,2018-06-10,,"LISA JONES"
3663,"Not Processed","Water Bottle",12,2018-06-10,,"JOSEPH DAVIS"
6886,"Not Processed","Sleeping Bag",55,2018-06-10,,"JESSICA WALKER"
8746,Processed,"Water Bottle",12,2018-06-10,2018-07-06,"BRIAN EVANS"
6285,"Not Processed",Stove,35,2018-06-10,,"KIMBERLY LOPEZ"
8790,Processed,"Sleeping Bag",55,2018-06-10,2018-07-06,"ASHLEY CARTER"
5152,Processed,"Water Bottle",12,2018-06-10,2018-07-06,"ASHLEY EDWARDS"
3842,Processed,"Water Bottle",12,2018-06-10,2018-07-06,"ELIZABETH KING"
4713,"Not Processed",Stove,35,2018-06-10,,"ROBERT ADAMS"
6823,"Not Processed","Water Bottle",12,2018-06-10,,"AMANDA KING"
4038,"Not Processed","Water Bottle",12,2018-06-10,,"KENNETH JONES"
9835,Processed,Backpack,70,2018-06-10,2018-07-06,"MICHAEL HILL"
6993,"Not Processed","Water Bottle",12,2018-06-10,,"BARBARA GARCIA"
7980,"Not Processed","Sleeping Bag",55,2018-06-10,,"SARAH EVANS"
7150,"Not Processed","Sleeping Bag",55,2018-06-10,,"MATTHEW GONZALEZ"
2796,"Not Processed","Sleeping Bag",55,2018-06-10,,"ASHLEY DAVIS"
2601,Processed,Backpack,70,2018-06-10,2018-07-06,"LINDA EVANS"
9406,"Not Processed",Stove,35,2018-06-10,,"CHRISTOPHER JONES"
1879,Processed,"Water Bottle",12,2018-06-10,2018-07-06,"STEVEN THOMPSON"
7851,"Not Processed","Sleeping Bag",55,2018-06-09,,"STEVEN DAVIS"
9300,"Not Processed","Sleeping Bag",55,2018-06-09,,"CHRISTOPHER CLARK"
5347,Processed,"Water Bottle",12,2018-06-09,2018-07-06,"BRIAN WILSON"
9103,Processed,"Water Bottle",12,2018-06-09,2018-07-06,"LINDA WILLIAMS"
6510,Processed,Stove,35,2018-06-09,2018-07-06,"DAVID JOHNSON"
8033,Processed,"Sleeping Bag",55,2018-06-09,2018-07-06,"DONNA WALKER"
8133,"Not Processed",Stove,35,2018-06-09,,"LISA WALKER"
5780,Processed,Stove,35,2018-06-09,2018-07-06,"JENNIFER PARKER"
6650,Processed,Backpack,70,2018-06-09,2018-07-06,"CHRISTOPHER HERNANDEZ"
1843,Processed,"Water Bottle",12,2018-06-09,2018-07-06,"MICHELLE THOMAS"
2227,"Not Processed",Stove,35,2018-06-09,,"NANCY GARCIA"
5464,"Not Processed",Backpack,70,2018-06-09,,"MELISSA JACKSON"
4246,"Not Processed","Water Bottle",12,2018-06-09,,"CAROL ROBERTS"
2315,"Not Processed","Water Bottle",12,2018-06-09,,"BRIAN WHITE"
7521,Processed,Stove,35,2018-06-09,2018-07-06,"DONNA WILSON"
3632,Processed,Stove,35,2018-06-09,2018-07-06,"KEVIN MOORE"
4372,"Not Processed",Stove,35,2018-06-09,,"JOSEPH ROBERTS"
2085,Processed,"Water Bottle",12,2018-06-09,2018-07-06,"DONNA BROWN"
4090,"Not Processed","Water Bottle",12,2018-06-09,,"SANDRA TAYLOR"
2205,Processed,Stove,35,2018-06-09,2018-07-06,"ASHLEY JONES"
9930,Processed,"Water Bottle",12,2018-06-09,2018-07-06,"DANIEL BAKER"
8744,"Not Processed",Backpack,70,2018-06-09,,"MICHAEL GONZALEZ"
6072,"Not Processed","Sleeping Bag",55,2018-06-09,,"MATTHEW ROBERTS"
2062,"Not Processed",Backpack,70,2018-06-09,,"JESSICA TURNER"
8927,Processed,"Sleeping Bag",55,2018-06-08,2018-07-06,"NANCY HALL"
7711,Processed,Stove,35,2018-06-08,2018-07-06,"STEVEN RODRIGUEZ"
3244,"Not Processed","Water Bottle",12,2018-06-08,,"NANCY GREEN"
4362,Processed,"Sleeping Bag",55,2018-06-08,2018-07-06,"WILLIAM HALL"
4125,Processed,Stove,35,2018-06-08,2018-07-06,"CHRISTOPHER PEREZ"
4239,Processed,Backpack,70,2018-06-08,2018-07-06,"MICHELLE SCOTT"
9031,"Not Processed",Backpack,70,2018-06-08,,"JOHN MARTINEZ"
4743,"Not Processed","Sleeping Bag",55,2018-06-08,,"ASHLEY MILLER"
4206,Processed,"Water Bottle",12,2018-06-08,2018-07-06,"BRIAN PEREZ"
1589,"Not Processed","Sleeping Bag",55,2018-06-08,,"DOROTHY JACKSON"
8795,"Not Processed","Water Bottle",12,2018-06-08,,"DONNA HARRIS"
6890,Processed,Stove,35,2018-06-08,2018-07-06,"CHARLES ALLEN"
2565,Processed,Stove,35,2018-06-08,2018-07-06,"CAROL THOMAS"
8763,"Not Processed",Backpack,70,2018-06-08,,"MICHELLE YOUNG"
4384,"Not Processed","Water Bottle",12,2018-06-08,,"JENNIFER MARTIN"
2159,Processed,"Water Bottle",12,2018-06-08,2018-07-06,"AMANDA ADAMS"
6451,Processed,"Water Bottle",12,2018-06-08,2018-07-06,"ELIZABETH MARTINEZ"
6187,"Not Processed",Backpack,70,2018-06-08,,"MATTHEW PARKER"
7802,"Not Processed","Water Bottle",12,2018-06-08,,"MELISSA KING"
7309,"Not Processed",Stove,35,2018-06-08,,"MELISSA HERNANDEZ"
7050,"Not Processed",Backpack,70,2018-06-08,,"MICHELLE NELSON"
6176,Processed,"Sleeping Bag",55,2018-06-08,2018-07-06,"MARK WALKER"
2811,"Not Processed","Water Bottle",12,2018-06-08,,"ELIZABETH ROBINSON"
1200,Processed,Stove,35,2018-06-08,2018-07-06,"NANCY HALL"
9976,"Not Processed",Backpack,70,2018-06-07,,"DEBORAH PARKER"
3666,"Not Processed",Backpack,70,2018-06-07,,"JOSEPH JACKSON"
3236,"Not Processed","Sleeping Bag",55,2018-06-07,,"LINDA MILLER"
4375,Processed,"Water Bottle",12,2018-06-07,2018-07-06,"DONALD COLLINS"
2462,"Not Processed","Sleeping Bag",55,2018-06-07,,"SUSAN GARCIA"
7453,Processed,"Water Bottle",12,2018-06-07,2018-07-06,"LISA TAYLOR"
4431,Processed,Backpack,70,2018-06-07,2018-07-06,"MICHAEL MARTINEZ"
9401,"Not Processed","Sleeping Bag",55,2018-06-07,,"KENNETH THOMAS"
9593,Processed,Backpack,70,2018-06-07,2018-07-06,"GEORGE DAVIS"
5263,"Not Processed","Water Bottle",12,2018-06-07,,"SUSAN WILLIAMS"
4831,Processed,Stove,35,2018-06-07,2018-07-06,"SANDRA GREEN"
2652,"Not Processed","Water Bottle",12,2018-06-07,,"AMANDA GREEN"
7815,Processed,"Water Bottle",12,2018-06-07,2018-07-06,"KENNETH TURNER"
9011,Processed,Stove,35,2018-06-07,2018-07-06,"JENNIFER HILL"
9888,Processed,"Sleeping Bag",55,2018-06-07,2018-07-06,"NANCY CARTER"
1211,Processed,"Water Bottle",12,2018-06-07,2018-07-06,"WILLIAM HARRIS"
6442,"Not Processed",Stove,35,2018-06-07,,"LISA JACKSON"
1316,Processed,Stove,35,2018-06-07,2018-07-06,"GEORGE PARKER"
4524,"Not Processed","Sleeping Bag",55,2018-06-07,,"ELIZABETH TAYLOR"
6429,"Not Processed","Water Bottle",12,2018-06-07,,"CHARLES ADAMS"
4164,Processed,"Water Bottle",12,2018-06-07,2018-07-06,"JESSICA MITCHELL"
9930,"Not Processed",Stove,35,2018-06-07,,"DONNA MOORE"
1352,Processed,"Sleeping Bag",55,2018-06-07,2018-07-06,"GEORGE YOUNG"
2831,Processed,Backpack,70,2018-06-07,2018-07-06,"CHRISTOPHER JOHNSON"
5590,Processed,"Water Bottle",12,2018-06-06,2018-07-06,"DAVID GREEN"
7814,Processed,"Water Bottle",12,2018-06-06,2018-07-06,"SANDRA MILLER"
3819,Processed,Backpack,70,2018-06-06,2018-07-06,"ASHLEY LOPEZ"
2233,"Not Processed",Stove,35,2018-06-06,,"JENNIFER TURNER"
2871,"Not Processed",Backpack,70,2018-06-06,,"ANTHONY JOHNSON"
5495,"Not Processed",Stove,35,2018-06-06,,"JOHN CAMPBELL"
5779,"Not Processed","Sleeping Bag",55,2018-06-06,,"SANDRA BAKER"
2627,"Not Processed","Sleeping Bag",55,2018-06-06,,"MARGARET CARTER"
4264,Processed,"Water Bottle",12,2018-06-06,2018-07-06,"PATRICIA WILLIAMS"
3907,"Not Processed","Water Bottle",12,2018-06-06,,"SARAH RODRIGUEZ"
1753,Processed,"Sleeping Bag",55,2018-06-06,2018-07-06,"MELISSA WRIGHT"
4659,"Not Processed","Water Bottle",12,2018-06-06,,"MICHELLE LEWIS"
1874,Processed,Backpack,70,2018-06-06,2018-07-06,"KAREN BAKER"
5616,"Not Processed","Water Bottle",12,2018-06-06,,"DAVID PHILLIPS"
8028,"Not Processed","Water Bottle",12,2018-06-06,,"GEORGE ROBERTS"
5700,"Not Processed",Stove,35,2018-06-06,,"DANIEL ROBERTS"
5370,"Not Processed","Water Bottle",12,2018-06-06,,"BARBARA LEWIS"
8756,Processed,"Water Bottle",12,2018-06-06,2018-07-06,"SANDRA BAKER"
6598,"Not Processed",Stove,35,2018-06-06,,"RICHARD WILLIAMS"
9381,Processed,"Water Bottle",12,2018-06-06,2018-07-06,"DANIEL MILLER"
2274,"Not Processed",Stove,35,2018-06-06,,"KIMBERLY EVANS"
9892,Processed,"Water Bottle",12,2018-06-06,2018-07-06,"KEVIN LEWIS"
5275,Processed,Stove,35,2018-06-06,2018-07-06,"SUSAN GREEN"
7987,"Not Processed",Stove,35,2018-06-06,,"BARBARA CLARK"
5359,"Not Processed",Stove,35,2018-06-05,,"MICHAEL BAKER"
6951,Processed,"Sleeping Bag",55,2018-06-05,2018-07-06,"MARK MILLER"
1492,Processed,Backpack,70,2018-06-05,2018-07-06,"ASHLEY NELSON"
4572,Processed,"Sleeping Bag",55,2018-06-05,2018-07-06,"ASHLEY MARTIN"
9759,Processed,"Sleeping Bag",55,2018-06-05,2018-07-06,"JENNIFER THOMAS"
5158,Processed,Stove,35,2018-06-05,2018-07-06,"MARY SCOTT"
3561,"Not Processed",Stove,35,2018-06-05,,"KAREN CLARK"
5280,"Not Processed",Backpack,70,2018-06-05,,"ANTHONY DAVIS"
3677,Processed,"Sleeping Bag",55,2018-06-05,2018-07-06,"KAREN EDWARDS"
6513,"Not Processed",Backpack,70,2018-06-05,,"PAUL HARRIS"
8437,"Not Processed","Water Bottle",12,2018-06-05,,"KAREN PARKER"
8786,"Not Processed",Stove,35,2018-06-05,,"NANCY TURNER"
8747,Processed,"Sleeping Bag",55,2018-06-05,2018-07-06,"BARBARA HARRIS"
1809,"Not Processed","Water Bottle",12,2018-06-05,,"MARK LOPEZ"
7979,Processed,Backpack,70,2018-06-05,2018-07-06,"EDWARD ANDERSON"
8877,Processed,Backpack,70,2018-06-05,2018-07-06,"RICHARD ALLEN"
8965,"Not Processed","Sleeping Bag",55,2018-06-05,,"THOMAS MARTIN"
8099,Processed,Stove,35,2018-06-05,2018-07-06,"ASHLEY WHITE"
7516,Processed,"Sleeping Bag",55,2018-06-05,2018-07-06,"ELIZABETH PARKER"
7579,Processed,Stove,35,2018-06-05,2018-07-06,"WILLIAM GARCIA"
9857,"Not Processed","Water Bottle",12,2018-06-05,,"DONALD EDWARDS"
4978,Processed,Stove,35,2018-06-05,2018-07-06,"MICHAEL GREEN"
2744,"Not Processed",Stove,35,2018-06-05,,"KIMBERLY ALLEN"
9800,Processed,Backpack,70,2018-06-05,2018-07-06,"JOHN HILL"
1495,"Not Processed","Water Bottle",12,2018-06-04,,"ASHLEY JACKSON"
1577,Processed,Stove,35,2018-06-04,2018-07-06,"SARAH THOMAS"
9810,"Not Processed",Stove,35,2018-06-04,,"KAREN YOUNG"
7565,Processed,"Sleeping Bag",55,2018-06-04,2018-07-06,"DEBORAH ROBERTS"
4143,Processed,"Water Bottle",12,2018-06-04,2018-07-06,"RICHARD JONES"
1808,"Not Processed","Water Bottle",12,2018-06-04,,"MICHELLE MILLER"
4773,Processed,"Water Bottle",12,2018-06-04,2018-07-06,"JOHN DAVIS"
4087,Processed,Stove,35,2018-06-04,2018-07-06,"MARGARET GREEN"
7134,"Not Processed",Stove,35,2018-06-04,,"DONALD MILLER"
7443,"Not Processed","Sleeping Bag",55,2018-06-04,,"ELIZABETH ADAMS"
8609,Processed,"Water Bottle",12,2018-06-04,2018-07-06,"ANDREW BROWN"
3447,Processed,"Sleeping Bag",55,2018-06-04,2018-07-06,"LINDA WILSON"
8319,"Not Processed",Stove,35,2018-06-04,,"DANIEL ROBERTS"
8691,Processed,"Water Bottle",12,2018-06-04,2018-07-06,"GEORGE JACKSON"
2485,"Not Processed",Backpack,70,2018-06-04,,"ANTHONY BAKER"
7491,Processed,"Sleeping Bag",55,2018-06-04,2018-07-06,"JOSHUA CAMPBELL"
5707,Processed,"Sleeping Bag",55,2018-06-04,2018-07-06,"BARBARA JACKSON"
3856,Processed,Backpack,70,2018-06-04,2018-07-06,"DEBORAH LEE"
3366,Processed,"Water Bottle",12,2018-06-04,2018-07-06,"DAVID ADAMS"
8559,Processed,"Sleeping Bag",55,2018-06-04,2018-07-06,"THOMAS HILL"
2703,Processed,Backpack,70,2018-06-04,2018-07-06,"KIMBERLY ADAMS"
7478,Processed,"Water Bottle",12,2018-06-04,2018-07-06,"EDWARD HERNANDEZ"
2082,"Not Processed",Stove,35,2018-06-04,,"JENNIFER GARCIA"
9170,Processed,Stove,35,2018-06-04,2018-07-06,"JOSHUA PHILLIPS"
5350,Processed,"Sleeping Bag",55,2018-06-03,2018-07-06,"MARGARET GREEN"
5481,"Not Processed",Backpack,70,2018-06-03,,"DANIEL PEREZ"
3040,"Not Processed","Sleeping Bag",55,2018-06-03,,"EDWARD PARKER"
5434,Processed,"Water Bottle",12,2018-06-03,2018-07-06,"WILLIAM LEE"
5434,"Not Processed","Sleeping Bag",55,2018-06-03,,"THOMAS KING"
6712,Processed,Backpack,70,2018-06-03,2018-07-06,"DONALD WALKER"
6930,"Not Processed",Stove,35,2018-06-03,,"BETTY WILLIAMS"
4615,Processed,"Water Bottle",12,2018-06-03,2018-07-06,"WILLIAM PEREZ"
3839,"Not Processed",Stove,35,2018-06-03,,"CHARLES HARRIS"
1665,"Not Processed",Backpack,70,2018-06-03,,"PAUL JACKSON"
8772,"Not Processed","Sleeping Bag",55,2018-06-03,,"CAROL TAYLOR"
7565,Processed,Stove,35,2018-06-03,2018-07-06,"EMILY HARRIS"
2498,Processed,Stove,35,2018-06-03,2018-07-06,"RICHARD ADAMS"
8860,Processed,Backpack,70,2018-06-03,2018-07-06,"LISA WILLIAMS"
8710,Processed,Backpack,70,2018-06-03,2018-07-06,"DEBORAH THOMAS"
9910,Processed,"Water Bottle",12,2018-06-03,2018-07-06,"CHRISTOPHER HILL"
6673,Processed,"Water Bottle",12,2018-06-03,2018-07-06,"RICHARD LEWIS"
5820,"Not Processed","Water Bottle",12,2018-06-03,,"MATTHEW THOMPSON"
7784,Processed,Stove,35,2018-06-03,2018-07-06,"KAREN COLLINS"
4473,"Not Processed","Sleeping Bag",55,2018-06-03,,"JESSICA PHILLIPS"
3078,"Not Processed",Backpack,70,2018-06-03,,"RICHARD JACKSON"
8770,"Not Processed",Backpack,70,2018-06-03,,"SUSAN WHITE"
7845,"Not Processed",Backpack,70,2018-06-03,,"CHARLES COLLINS"
1203,Processed,Stove,35,2018-06-03,2018-07-06,"ANTHONY HALL"
9822,Processed,Backpack,70,2018-06-02,2018-07-06,"SARAH CLARK"
5804,Processed,"Sleeping Bag",55,2018-06-02,2018-07-06,"MICHAEL PEREZ"
9987,"Not Processed","Water Bottle",12,2018-06-02,,"KAREN JACKSON"
4447,Processed,Stove,35,2018-06-02,2018-07-06,"LISA LOPEZ"
4230,Processed,Stove,35,2018-06-02,2018-07-06,"SUSAN ADAMS"
6289,Processed,Stove,35,2018-06-02,2018-07-06,"AMANDA MILLER"
7948,"Not Processed","Sleeping Bag",55,2018-06-02,,"MATTHEW MILLER"
7522,Processed,Stove,35,2018-06-02,2018-07-06,"SUSAN PEREZ"
9252,Processed,Stove,35,2018-06-02,2018-07-06,"BETTY GARCIA"
8404,Processed,"Sleeping Bag",55,2018-06-02,2018-07-06,"ELIZABETH GARCIA"
5748,Processed,Stove,35,2018-06-02,2018-07-06,"DONNA CARTER"
2155,Processed,Stove,35,2018-06-02,2018-07-06,"LINDA JONES"
4286,Processed,Stove,35,2018-06-02,2018-07-06,"DONALD ROBERTS"
1238,Processed,Backpack,70,2018-06-02,2018-07-06,"DOROTHY HARRIS"
1535,Processed,Stove,35,2018-06-02,2018-07-06,"RICHARD WRIGHT"
3677,"Not Processed","Water Bottle",12,2018-06-02,,"SUSAN LEE"
6403,Processed,"Water Bottle",12,2018-06-02,2018-07-06,"DANIEL GARCIA"
8479,Processed,Backpack,70,2018-06-02,2018-07-06,"LINDA EDWARDS"
6429,Processed,"Water Bottle",12,2018-06-02,2018-07-06,"SARAH MOORE"
3424,Processed,"Sleeping Bag",55,2018-06-02,2018-07-06,"DONNA ROBERTS"
2384,"Not Processed",Stove,35,2018-06-02,,"PAUL ROBINSON"
2591,Processed,"Water Bottle",12,2018-06-02,2018-07-06,"BRIAN RODRIGUEZ"
7033,"Not Processed","Sleeping Bag",55,2018-06-02,,"LINDA MILLER"
9187,"Not Processed",Stove,35,2018-06-02,,"JOSHUA JONES"
4211,"Not Processed",Backpack,70,2018-06-01,,"RICHARD GREEN"
4647,"Not Processed",Backpack,70,2018-06-01,,"DEBORAH MOORE"
5000,"Not Processed",Backpack,70,2018-06-01,,"ANDREW DAVIS"
3090,Processed,"Water Bottle",12,2018-06-01,2018-07-06,"MARGARET MOORE"
5729,"Not Processed","Water Bottle",12,2018-06-01,,"ANDREW SCOTT"
1825,Processed,Backpack,70,2018-06-01,2018-07-06,"MICHELLE PARKER"
7859,"Not Processed","Water Bottle",12,2018-06-01,,"JOSEPH COLLINS"
1637,Processed,Backpack,70,2018-06-01,2018-07-06,"MELISSA JONES"
7810,Processed,"Water Bottle",12,2018-06-01,2018-07-06,"MICHELLE WALKER"
6007,Processed,"Water Bottle",12,2018-06-01,2018-07-06,"MICHELLE PARKER"
6048,"Not Processed",Backpack,70,2018-06-01,,"KIMBERLY HARRIS"
6660,Processed,"Sleeping Bag",55,2018-06-01,2018-07-06,"KIMBERLY HALL"
3878,Processed,Stove,35,2018-06-01,2018-07-06,"MARK KING"
6183,"Not Processed","Sleeping Bag",55,2018-06-01,,"PAUL ALLEN"
2718,Processed,"Water Bottle",12,2018-06-01,2018-07-06,"BARBARA JONES"
8322,Processed,Backpack,70,2018-06-01,2018-07-06,"MATTHEW GREEN"
4092,Processed,"Water Bottle",12,2018-06-01,2018-07-06,"MARY JONES"
2148,Processed,"Water Bottle",12,2018-06-01,2018-07-06,"AMANDA PEREZ"
2848,"Not Processed","Sleeping Bag",55,2018-06-01,,"KAREN MITCHELL"
6977,"Not Processed","Water Bottle",12,2018-06-01,,"CHRISTOPHER MARTIN"
1967,Processed,Backpack,70,2018-06-01,2018-07-06,"ELIZABETH THOMPSON"
9354,Processed,"Water Bottle",12,2018-06-01,2018-07-06,"WILLIAM CLARK"
7280,"Not Processed",Backpack,70,2018-06-01,,"PATRICIA ADAMS"
6226,"Not Processed",Backpack,70,2018-06-01,,"NANCY WALKER"
6594,Processed,"Water Bottle",12,2018-05-31,2018-07-06,"GEORGE JONES"
5845,Processed,Stove,35,2018-05-31,2018-07-06,"MICHELLE PARKER"
7809,Processed,"Sleeping Bag",55,2018-05-31,2018-07-06,"LISA PARKER"
1455,"Not Processed",Stove,35,2018-05-31,,"LISA THOMAS"
3887,"Not Processed",Stove,35,2018-05-31,,"DEBORAH ROBINSON"
8074,"Not Processed","Water Bottle",12,2018-05-31,,"DANIEL JACKSON"
1787,"Not Processed",Stove,35,2018-05-31,,"LINDA PHILLIPS"
6473,"Not Processed",Backpack,70,2018-05-31,,"MARK WALKER"
6583,"Not Processed",Stove,35,2018-05-31,,"CHRISTOPHER WILSON"
7853,"Not Processed","Sleeping Bag",55,2018-05-31,,"MARY WHITE"
3381,Processed,Stove,35,2018-05-31,2018-07-06,"JOSEPH WHITE"
8996,"Not Processed",Backpack,70,2018-05-31,,"BRIAN THOMPSON"
4249,"Not Processed",Stove,35,2018-05-31,,"WILLIAM WALKER"
1588,"Not Processed",Stove,35,2018-05-31,,"ANDREW GREEN"
1799,Processed,"Water Bottle",12,2018-05-31,2018-07-06,"EMILY WALKER"
9476,"Not Processed",Stove,35,2018-05-31,,"MARK EVANS"
9790,Processed,"Water Bottle",12,2018-05-31,2018-07-06,"JENNIFER WHITE"
1552,Processed,Stove,35,2018-05-31,2018-07-06,"ANTHONY COLLINS"
8417,Processed,Stove,35,2018-05-31,2018-07-06,"KEVIN COLLINS"
2593,"Not Processed",Backpack,70,2018-05-31,,"BRIAN CAMPBELL"
5353,Processed,"Water Bottle",12,2018-05-31,2018-07-06,"JOHN HARRIS"
4992,"Not Processed",Stove,35,2018-05-31,,"ANDREW WILLIAMS"
3180,"Not Processed","Sleeping Bag",55,2018-05-31,,"MARGARET GARCIA"
8738,Processed,Stove,35,2018-05-31,2018-07-06,"KAREN CLARK"
9078,"Not Processed",Stove,35,2018-05-30,,"ANDREW NELSON"
6039,Processed,"Sleeping Bag",55,2018-05-30,2018-07-06,"SUSAN WALKER"
9745,"Not Processed",Backpack,70,2018-05-30,,"JOSHUA COLLINS"
4011,"Not Processed","Sleeping Bag",55,2018-05-30,,"NANCY BROWN"
6543,"Not Processed",Stove,35,2018-05-30,,"LISA COLLINS"
7941,"Not Processed","Water Bottle",12,2018-05-30,,"PATRICIA ANDERSON"
4902,"Not Processed","Sleeping Bag",55,2018-05-30,,"NANCY TAYLOR"
6919,"Not Processed",Backpack,70,2018-05-30,,"CAROL CAMPBELL"
7144,"Not Processed","Sleeping Bag",55,2018-05-30,,"ELIZABETH YOUNG"
4675,Processed,Backpack,70,2018-05-30,2018-07-06,"THOMAS TURNER"
8066,"Not Processed",Backpack,70,2018-05-30,,"RICHARD HARRIS"
8989,"Not Processed",Stove,35,2018-05-30,,"SARAH PARKER"
6158,Processed,"Sleeping Bag",55,2018-05-30,2018-07-06,"SARAH WILLIAMS"
2951,Processed,"Water Bottle",12,2018-05-30,2018-07-06,"SUSAN JONES"
5173,"Not Processed","Water Bottle",12,2018-05-30,,"MATTHEW HILL"
4067,Processed,Stove,35,2018-05-30,2018-07-06,"LINDA HILL"
1581,"Not Processed",Backpack,70,2018-05-30,,"MARGARET MARTIN"
8647,Processed,"Water Bottle",12,2018-05-30,2018-07-06,"KENNETH TAYLOR"
1104,"Not Processed","Sleeping Bag",55,2018-05-30,,"LISA MARTINEZ"
1291,"Not Processed",Backpack,70,2018-05-30,,"MATTHEW MARTIN"
1622,"Not Processed","Water Bottle",12,2018-05-30,,"SARAH YOUNG"
6383,Processed,Stove,35,2018-05-30,2018-07-06,"DANIEL BAKER"
4009,Processed,"Water Bottle",12,2018-05-30,2018-07-06,"EDWARD ADAMS"
7082,"Not Processed","Sleeping Bag",55,2018-05-30,,"JESSICA LEWIS"
4792,"Not Processed","Water Bottle",12,2018-05-29,,"MATTHEW PARKER"
3456,Processed,Backpack,70,2018-05-29,2018-07-06,"MARGARET GONZALEZ"
9957,Processed,"Sleeping Bag",55,2018-05-29,2018-07-06,"DEBORAH GARCIA"
4467,"Not Processed",Stove,35,2018-05-29,,"RICHARD PEREZ"
7898,Processed,"Water Bottle",12,2018-05-29,2018-07-06,"NANCY BAKER"
5965,Processed,Backpack,70,2018-05-29,2018-07-06,"KAREN ROBERTS"
2490,Processed,Backpack,70,2018-05-29,2018-07-06,"JESSICA SCOTT"
1912,"Not Processed","Sleeping Bag",55,2018-05-29,,"LINDA WALKER"
4424,Processed,"Water Bottle",12,2018-05-29,2018-07-06,"LISA ROBINSON"
8629,Processed,Backpack,70,2018-05-29,2018-07-06,"DONNA DAVIS"
4628,"Not Processed","Water Bottle",12,2018-05-29,,"ANDREW ROBERTS"
6352,"Not Processed","Water Bottle",12,2018-05-29,,"DEBORAH WILLIAMS"
8477,"Not Processed",Stove,35,2018-05-29,,"ANTHONY WILSON"
7321,"Not Processed",Backpack,70,2018-05-29,,"KENNETH ROBERTS"
5003,"Not Processed","Water Bottle",12,2018-05-29,,"DAVID PARKER"
9969,"Not Processed","Water Bottle",12,2018-05-29,,"CHARLES GONZALEZ"
9459,"Not Processed",Backpack,70,2018-05-29,,"ANDREW SCOTT"
3710,Processed,Backpack,70,2018-05-29,2018-07-06,"CHRISTOPHER MARTIN"
6927,"Not Processed",Stove,35,2018-05-29,,"MATTHEW TAYLOR"
3831,"Not Processed","Sleeping Bag",55,2018-05-29,,"MATTHEW DAVIS"
2610,Processed,"Water Bottle",12,2018-05-29,2018-07-06,"MELISSA MARTINEZ"
5831,Processed,Stove,35,2018-05-29,2018-07-06,"SUSAN PHILLIPS"
2066,"Not Processed","Sleeping Bag",55,2018-05-29,,"RICHARD ROBERTS"
3182,"Not Processed","Water Bottle",12,2018-05-29,,"KENNETH HILL"
1541,"Not Processed",Stove,35,2018-05-28,,"BETTY YOUNG"
8111,"Not Processed",Stove,35,2018-05-28,,"CHARLES WHITE"
1718,"Not Processed",Backpack,70,2018-05-28,,"NANCY JOHNSON"
9338,"Not Processed",Backpack,70,2018-05-28,,"ELIZABETH TAYLOR"
3395,"Not Processed",Stove,35,2018-05-28,,"JESSICA HALL"
8185,"Not Processed","Sleeping Bag",55,2018-05-28,,"JOSEPH KING"
7309,"Not Processed",Stove,35,2018-05-28,,"KIMBERLY WHITE"
2737,Processed,"Sleeping Bag",55,2018-05-28,2018-07-06,"MARY HERNANDEZ"
9502,Processed,Stove,35,2018-05-28,2018-07-06,"DONNA CLARK"
5877,"Not Processed","Water Bottle",12,2018-05-28,,"BARBARA ADAMS"
6955,"Not Processed","Water Bottle",12,2018-05-28,,"GEORGE EVANS"
9426,Processed,Stove,35,2018-05-28,2018-07-06,"RICHARD THOMAS"
6730,Processed,Stove,35,2018-05-28,2018-07-06,"MELISSA GARCIA"
2076,Processed,"Sleeping Bag",55,2018-05-28,2018-07-06,"DAVID WILSON"
5444,Processed,"Sleeping Bag",55,2018-05-28,2018-07-06,"ANDREW JACKSON"
4434,"Not Processed",Stove,35,2018-05-28,,"GEORGE KING"
3912,"Not Processed",Stove,35,2018-05-28,,"NANCY WILSON"
9437,Processed,"Sleeping Bag",55,2018-05-28,2018-07-06,"MELISSA TAYLOR"
3489,"Not Processed",Stove,35,2018-05-28,,"ELIZABETH JACKSON"
4070,"Not Processed","Sleeping Bag",55,2018-05-28,,"KIMBERLY YOUNG"
8097,"Not Processed",Stove,35,2018-05-28,,"DONALD ALLEN"
1389,Processed,Stove,35,2018-05-28,2018-07-06,"JOHN TURNER"
5649,"Not Processed",Stove,35,2018-05-28,,"DONNA EDWARDS"
9505,Processed,Stove,35,2018-05-28,2018-07-06,"MARGARET CAMPBELL"
6798,"Not Processed","Sleeping Bag",55,2018-05-27,,"KEVIN PEREZ"
1412,"Not Processed",Stove,35,2018-05-27,,"KENNETH GONZALEZ"
3166,Processed,"Water Bottle",12,2018-05-27,2018-07-06,"DONNA MITCHELL"
9982,Processed,"Sleeping Bag",55,2018-05-27,2018-07-06,"MELISSA WILLIAMS"
4901,"Not Processed","Water Bottle",12,2018-05-27,,"KEVIN TAYLOR"
2743,Processed,"Water Bottle",12,2018-05-27,2018-07-06,"DANIEL HERNANDEZ"
5597,"Not Processed","Sleeping Bag",55,2018-05-27,,"DAVID CLARK"
6418,Processed,"Sleeping Bag",55,2018-05-27,2018-07-06,"BARBARA MARTINEZ"
9202,Processed,"Sleeping Bag",55,2018-05-27,2018-07-06,"ANDREW HILL"
7863,Processed,Stove,35,2018-05-27,2018-07-06,"SUSAN ADAMS"
9537,"Not Processed","Water Bottle",12,2018-05-27,,"RICHARD PEREZ"
7756,Processed,Stove,35,2018-05-27,2018-07-06,"DANIEL TAYLOR"
5082,Processed,"Water Bottle",12,2018-05-27,2018-07-06,"GEORGE HILL"
8558,"Not Processed","Sleeping Bag",55,2018-05-27,,"BETTY JONES"
7541,"Not Processed","Water Bottle",12,2018-05-27,,"BARBARA LEWIS"
6513,"Not Processed","Water Bottle",12,2018-05-27,,"SUSAN TURNER"
9359,Processed,Backpack,70,2018-05-27,2018-07-06,"PATRICIA MOORE"
4319,Processed,"Water Bottle",12,2018-05-27,2018-07-06,"ASHLEY MITCHELL"
3344,Processed,"Sleeping Bag",55,2018-05-27,2018-07-06,"EMILY BROWN"
8857,Processed,Backpack,70,2018-05-27,2018-07-06,"WILLIAM RODRIGUEZ"
7900,Processed,Backpack,70,2018-05-27,2018-07-06,"AMANDA EDWARDS"
5591,"Not Processed","Water Bottle",12,2018-05-27,,"EMILY NELSON"
7316,Processed,Stove,35,2018-05-27,2018-07-06,"SUSAN NELSON"
9067,"Not Processed",Backpack,70,2018-05-27,,"KENNETH HERNANDEZ"
8608,Processed,Backpack,70,2018-05-26,2018-07-06,"DAVID LOPEZ"
1814,Processed,Backpack,70,2018-05-26,2018-07-06,"EMILY WHITE"
7651,Processed,Backpack,70,2018-05-26,2018-07-06,"PATRICIA HILL"
6703,Processed,Backpack,70,2018-05-26,2018-07-06,"DOROTHY RODRIGUEZ"
1275,"Not Processed",Backpack,70,2018-05-26,,"MARK MARTIN"
5055,"Not Processed",Backpack,70,2018-05-26,,"MARY THOMAS"
9388,Processed,"Water Bottle",12,2018-05-26,2018-07-06,"DONALD MILLER"
5130,Processed,"Water Bottle",12,2018-05-26,2018-07-06,"ELIZABETH WHITE"
1798,Processed,Stove,35,2018-05-26,2018-07-06,"NANCY WILSON"
5134,"Not Processed","Water Bottle",12,2018-05-26,,"EMILY JONES"
7328,Processed,"Sleeping Bag",55,2018-05-26,2018-07-06,"THOMAS THOMPSON"
2800,"Not Processed",Stove,35,2018-05-26,,"BETTY THOMAS"
3590,"Not Processed",Backpack,70,2018-05-26,,"MARY TURNER"
7244,"Not Processed",Stove,35,2018-05-26,,"NANCY TURNER"
9237,"Not Processed","Water Bottle",12,2018-05-26,,"DONALD ROBINSON"
2703,Processed,"Sleeping Bag",55,2018-05-26,2018-07-06,"MICHELLE EDWARDS"
1618,Processed,Backpack,70,2018-05-26,2018-07-06,"MELISSA CLARK"
3824,Processed,Backpack,70,2018-05-26,2018-07-06,"DONNA ROBERTS"
7380,"Not Processed",Backpack,70,2018-05-26,,"BRIAN BAKER"
2647,Processed,"Sleeping Bag",55,2018-05-26,2018-07-06,"THOMAS HILL"
8989,Processed,Stove,35,2018-05-26,2018-07-06,"SUSAN LEWIS"
4139,Processed,Backpack,70,2018-05-26,2018-07-06,"EMILY THOMAS"
7019,"Not Processed","Water Bottle",12,2018-05-26,,"JESSICA LOPEZ"
3508,Processed,"Water Bottle",12,2018-05-26,2018-07-06,"JOSEPH WILLIAMS"
1556,Processed,Backpack,70,2018-05-25,2018-07-06,"BRIAN COLLINS"
9438,"Not Processed",Stove,35,2018-05-25,,"MICHELLE WHITE"
2494,Processed,Backpack,70,2018-05-25,2018-07-06,"MARGARET RODRIGUEZ"
3880,"Not Processed","Water Bottle",12,2018-05-25,,"BARBARA MILLER"
